{
  "warnings": [
    {
      "file": "/Users/onevcat/Dropbox/github/Kingfisher/Sources/Cache/CacheSerializer.swift",
      "line": 71,
      "symbol": "CacheSerializer.image(with:options:)",
      "symbol_kind": "source.lang.swift.decl.function.method.instance",
      "warning": "undocumented"
    },
    {
      "file": "/Users/onevcat/Dropbox/github/Kingfisher/Sources/Cache/DiskStorage.swift",
      "line": 46,
      "symbol": "DiskStorage.Backend.directoryURL",
      "symbol_kind": "source.lang.swift.decl.var.instance",
      "warning": "undocumented"
    },
    {
      "file": "/Users/onevcat/Dropbox/github/Kingfisher/Sources/Cache/ImageCache.swift",
      "line": 87,
      "symbol": "Data.toData()",
      "symbol_kind": "source.lang.swift.decl.function.method.instance",
      "warning": "undocumented"
    },
    {
      "file": "/Users/onevcat/Dropbox/github/Kingfisher/Sources/Cache/ImageCache.swift",
      "line": 91,
      "symbol": "Data.fromData(_:)",
      "symbol_kind": "source.lang.swift.decl.function.method.static",
      "warning": "undocumented"
    },
    {
      "file": "/Users/onevcat/Dropbox/github/Kingfisher/Sources/Cache/ImageCache.swift",
      "line": 95,
      "symbol": "Data.empty",
      "symbol_kind": "source.lang.swift.decl.var.static",
      "warning": "undocumented"
    },
    {
      "file": "/Users/onevcat/Dropbox/github/Kingfisher/Sources/Cache/ImageCache.swift",
      "line": 267,
      "symbol": "ImageCache.store(_:original:forKey:options:toDisk:completionHandler:)",
      "symbol_kind": "source.lang.swift.decl.function.method.instance",
      "warning": "undocumented"
    },
    {
      "file": "/Users/onevcat/Dropbox/github/Kingfisher/Sources/Cache/ImageCache.swift",
      "line": 358,
      "symbol": "ImageCache.storeToDisk(_:forKey:processorIdentifier:expiration:callbackQueue:completionHandler:)",
      "symbol_kind": "source.lang.swift.decl.function.method.instance",
      "warning": "undocumented"
    },
    {
      "file": "/Users/onevcat/Dropbox/github/Kingfisher/Sources/Cache/ImageCache.swift",
      "line": 796,
      "symbol": "KingfisherWrapper.shared",
      "symbol_kind": "source.lang.swift.decl.var.static",
      "warning": "undocumented"
    },
    {
      "file": "/Users/onevcat/Dropbox/github/Kingfisher/Sources/Cache/Storage.swift",
      "line": 100,
      "symbol": "CacheCostCalculable.cacheCost",
      "symbol_kind": "source.lang.swift.decl.var.instance",
      "warning": "undocumented"
    },
    {
      "file": "/Users/onevcat/Dropbox/github/Kingfisher/Sources/Cache/Storage.swift",
      "line": 105,
      "symbol": "DataTransformable.toData()",
      "symbol_kind": "source.lang.swift.decl.function.method.instance",
      "warning": "undocumented"
    },
    {
      "file": "/Users/onevcat/Dropbox/github/Kingfisher/Sources/Cache/Storage.swift",
      "line": 106,
      "symbol": "DataTransformable.fromData(_:)",
      "symbol_kind": "source.lang.swift.decl.function.method.static",
      "warning": "undocumented"
    },
    {
      "file": "/Users/onevcat/Dropbox/github/Kingfisher/Sources/Cache/Storage.swift",
      "line": 107,
      "symbol": "DataTransformable.empty",
      "symbol_kind": "source.lang.swift.decl.var.static",
      "warning": "undocumented"
    },
    {
      "file": "/Users/onevcat/Dropbox/github/Kingfisher/Sources/Extensions/ImageView+Kingfisher.swift",
      "line": 301,
      "symbol": "KingfisherWrapper.taskIdentifier",
      "symbol_kind": "source.lang.swift.decl.var.instance",
      "warning": "undocumented"
    },
    {
      "file": "/Users/onevcat/Dropbox/github/Kingfisher/Sources/Extensions/UIButton+Kingfisher.swift",
      "line": 322,
      "symbol": "KingfisherWrapper.taskIdentifier(for:)",
      "symbol_kind": "source.lang.swift.decl.function.method.instance",
      "warning": "undocumented"
    },
    {
      "file": "/Users/onevcat/Dropbox/github/Kingfisher/Sources/Extensions/UIButton+Kingfisher.swift",
      "line": 350,
      "symbol": "KingfisherWrapper.backgroundTaskIdentifier(for:)",
      "symbol_kind": "source.lang.swift.decl.function.method.instance",
      "warning": "undocumented"
    },
    {
      "file": "/Users/onevcat/Dropbox/github/Kingfisher/Sources/General/Deprecated.swift",
      "line": 37,
      "symbol": "KingfisherWrapper.image(data:scale:preloadAllAnimationData:onlyFirstFrame:)",
      "symbol_kind": "source.lang.swift.decl.function.method.static",
      "warning": "undocumented"
    },
    {
      "file": "/Users/onevcat/Dropbox/github/Kingfisher/Sources/General/Deprecated.swift",
      "line": 53,
      "symbol": "KingfisherWrapper.animated(with:scale:duration:preloadAll:onlyFirstFrame:)",
      "symbol_kind": "source.lang.swift.decl.function.method.static",
      "warning": "undocumented"
    },
    {
      "file": "/Users/onevcat/Dropbox/github/Kingfisher/Sources/General/Deprecated.swift",
      "line": 67,
      "symbol": "CompletionHandler",
      "symbol_kind": "source.lang.swift.decl.typealias",
      "warning": "undocumented"
    },
    {
      "file": "/Users/onevcat/Dropbox/github/Kingfisher/Sources/General/Deprecated.swift",
      "line": 71,
      "symbol": "ImageDownloaderCompletionHandler",
      "symbol_kind": "source.lang.swift.decl.typealias",
      "warning": "undocumented"
    },
    {
      "file": "/Users/onevcat/Dropbox/github/Kingfisher/Sources/General/Deprecated.swift",
      "line": 76,
      "symbol": "RetrieveImageTask",
      "symbol_kind": "source.lang.swift.decl.extension",
      "warning": "undocumented"
    },
    {
      "file": "/Users/onevcat/Dropbox/github/Kingfisher/Sources/General/Deprecated.swift",
      "line": 78,
      "symbol": "RetrieveImageTask.empty",
      "symbol_kind": "source.lang.swift.decl.var.static",
      "warning": "undocumented"
    },
    {
      "file": "/Users/onevcat/Dropbox/github/Kingfisher/Sources/General/Deprecated.swift",
      "line": 115,
      "symbol": "ImageDownloader.downloadImage(with:retrieveImageTask:options:progressBlock:completionHandler:)",
      "symbol_kind": "source.lang.swift.decl.function.method.instance",
      "warning": "undocumented"
    },
    {
      "file": "/Users/onevcat/Dropbox/github/Kingfisher/Sources/General/Deprecated.swift",
      "line": 132,
      "symbol": "RetrieveImageDownloadTask",
      "symbol_kind": "source.lang.swift.decl.struct",
      "warning": "undocumented"
    },
    {
      "file": "/Users/onevcat/Dropbox/github/Kingfisher/Sources/General/Deprecated.swift",
      "line": 136,
      "symbol": "RetrieveImageTask",
      "symbol_kind": "source.lang.swift.decl.class",
      "warning": "undocumented"
    },
    {
      "file": "/Users/onevcat/Dropbox/github/Kingfisher/Sources/General/Deprecated.swift",
      "line": 140,
      "symbol": "ImageDownloaderProgressBlock",
      "symbol_kind": "source.lang.swift.decl.typealias",
      "warning": "undocumented"
    },
    {
      "file": "/Users/onevcat/Dropbox/github/Kingfisher/Sources/General/Deprecated.swift",
      "line": 147,
      "symbol": "KingfisherWrapper.setImage(with:placeholder:options:progressBlock:completionHandler:)",
      "symbol_kind": "source.lang.swift.decl.function.method.instance",
      "warning": "undocumented"
    },
    {
      "file": "/Users/onevcat/Dropbox/github/Kingfisher/Sources/General/Deprecated.swift",
      "line": 171,
      "symbol": "KingfisherWrapper.setImage(with:for:placeholder:options:progressBlock:completionHandler:)",
      "symbol_kind": "source.lang.swift.decl.function.method.instance",
      "warning": "undocumented"
    },
    {
      "file": "/Users/onevcat/Dropbox/github/Kingfisher/Sources/General/Deprecated.swift",
      "line": 198,
      "symbol": "KingfisherWrapper.setBackgroundImage(with:for:placeholder:options:progressBlock:completionHandler:)",
      "symbol_kind": "source.lang.swift.decl.function.method.instance",
      "warning": "undocumented"
    },
    {
      "file": "/Users/onevcat/Dropbox/github/Kingfisher/Sources/General/Deprecated.swift",
      "line": 355,
      "symbol": "ImageCache.cachePath(forComputedKey:)",
      "symbol_kind": "source.lang.swift.decl.function.method.instance",
      "warning": "undocumented"
    },
    {
      "file": "/Users/onevcat/Dropbox/github/Kingfisher/Sources/General/Deprecated.swift",
      "line": 385,
      "symbol": "ImageCache.retrieveImage(forKey:options:completionHandler:)",
      "symbol_kind": "source.lang.swift.decl.function.method.instance",
      "warning": "undocumented"
    },
    {
      "file": "/Users/onevcat/Dropbox/github/Kingfisher/Sources/General/Deprecated.swift",
      "line": 414,
      "symbol": "ImageCache.store(_:original:forKey:processorIdentifier:cacheSerializer:toDisk:completionHandler:)",
      "symbol_kind": "source.lang.swift.decl.function.method.instance",
      "warning": "undocumented"
    },
    {
      "file": "/Users/onevcat/Dropbox/github/Kingfisher/Sources/General/Deprecated.swift",
      "line": 436,
      "symbol": "ImageCache.calculateDiskCacheSize(completion:)",
      "symbol_kind": "source.lang.swift.decl.function.method.instance",
      "warning": "undocumented"
    },
    {
      "file": "/Users/onevcat/Dropbox/github/Kingfisher/Sources/General/Kingfisher.swift",
      "line": 39,
      "symbol": "Image",
      "symbol_kind": "source.lang.swift.decl.typealias",
      "warning": "undocumented"
    },
    {
      "file": "/Users/onevcat/Dropbox/github/Kingfisher/Sources/General/Kingfisher.swift",
      "line": 40,
      "symbol": "Color",
      "symbol_kind": "source.lang.swift.decl.typealias",
      "warning": "undocumented"
    },
    {
      "file": "/Users/onevcat/Dropbox/github/Kingfisher/Sources/General/Kingfisher.swift",
      "line": 42,
      "symbol": "ImageView",
      "symbol_kind": "source.lang.swift.decl.typealias",
      "warning": "undocumented"
    },
    {
      "file": "/Users/onevcat/Dropbox/github/Kingfisher/Sources/General/Kingfisher.swift",
      "line": 43,
      "symbol": "View",
      "symbol_kind": "source.lang.swift.decl.typealias",
      "warning": "undocumented"
    },
    {
      "file": "/Users/onevcat/Dropbox/github/Kingfisher/Sources/General/Kingfisher.swift",
      "line": 44,
      "symbol": "Button",
      "symbol_kind": "source.lang.swift.decl.typealias",
      "warning": "undocumented"
    },
    {
      "file": "/Users/onevcat/Dropbox/github/Kingfisher/Sources/General/Kingfisher.swift",
      "line": 46,
      "symbol": "Image",
      "symbol_kind": "source.lang.swift.decl.extension",
      "warning": "undocumented"
    },
    {
      "file": "/Users/onevcat/Dropbox/github/Kingfisher/Sources/General/Kingfisher.swift",
      "line": 53,
      "symbol": "KingfisherWrapper.base",
      "symbol_kind": "source.lang.swift.decl.var.instance",
      "warning": "undocumented"
    },
    {
      "file": "/Users/onevcat/Dropbox/github/Kingfisher/Sources/General/Kingfisher.swift",
      "line": 54,
      "symbol": "KingfisherWrapper.init(_:)",
      "symbol_kind": "source.lang.swift.decl.function.method.instance",
      "warning": "undocumented"
    },
    {
      "file": "/Users/onevcat/Dropbox/github/Kingfisher/Sources/General/Kingfisher.swift",
      "line": 81,
      "symbol": "Image",
      "symbol_kind": "source.lang.swift.decl.extension",
      "warning": "undocumented"
    },
    {
      "file": "/Users/onevcat/Dropbox/github/Kingfisher/Sources/General/Kingfisher.swift",
      "line": 815,
      "symbol": "Color",
      "symbol_kind": "source.lang.swift.decl.extension",
      "warning": "undocumented"
    },
    {
      "file": "/Users/onevcat/Dropbox/github/Kingfisher/Sources/General/KingfisherError.swift",
      "line": 217,
      "symbol": "KingfisherError.isInvalidResponseStatusCode",
      "symbol_kind": "source.lang.swift.decl.var.instance",
      "warning": "undocumented"
    },
    {
      "file": "/Users/onevcat/Dropbox/github/Kingfisher/Sources/General/KingfisherOptionsInfo.swift",
      "line": 233,
      "symbol": "KingfisherParsedOptionsInfo.targetCache",
      "symbol_kind": "source.lang.swift.decl.var.instance",
      "warning": "undocumented"
    },
    {
      "file": "/Users/onevcat/Dropbox/github/Kingfisher/Sources/General/KingfisherOptionsInfo.swift",
      "line": 234,
      "symbol": "KingfisherParsedOptionsInfo.originalCache",
      "symbol_kind": "source.lang.swift.decl.var.instance",
      "warning": "undocumented"
    },
    {
      "file": "/Users/onevcat/Dropbox/github/Kingfisher/Sources/General/KingfisherOptionsInfo.swift",
      "line": 235,
      "symbol": "KingfisherParsedOptionsInfo.downloader",
      "symbol_kind": "source.lang.swift.decl.var.instance",
      "warning": "undocumented"
    },
    {
      "file": "/Users/onevcat/Dropbox/github/Kingfisher/Sources/General/KingfisherOptionsInfo.swift",
      "line": 236,
      "symbol": "KingfisherParsedOptionsInfo.transition",
      "symbol_kind": "source.lang.swift.decl.var.instance",
      "warning": "undocumented"
    },
    {
      "file": "/Users/onevcat/Dropbox/github/Kingfisher/Sources/General/KingfisherOptionsInfo.swift",
      "line": 237,
      "symbol": "KingfisherParsedOptionsInfo.downloadPriority",
      "symbol_kind": "source.lang.swift.decl.var.instance",
      "warning": "undocumented"
    },
    {
      "file": "/Users/onevcat/Dropbox/github/Kingfisher/Sources/General/KingfisherOptionsInfo.swift",
      "line": 238,
      "symbol": "KingfisherParsedOptionsInfo.forceRefresh",
      "symbol_kind": "source.lang.swift.decl.var.instance",
      "warning": "undocumented"
    },
    {
      "file": "/Users/onevcat/Dropbox/github/Kingfisher/Sources/General/KingfisherOptionsInfo.swift",
      "line": 239,
      "symbol": "KingfisherParsedOptionsInfo.fromMemoryCacheOrRefresh",
      "symbol_kind": "source.lang.swift.decl.var.instance",
      "warning": "undocumented"
    },
    {
      "file": "/Users/onevcat/Dropbox/github/Kingfisher/Sources/General/KingfisherOptionsInfo.swift",
      "line": 240,
      "symbol": "KingfisherParsedOptionsInfo.forceTransition",
      "symbol_kind": "source.lang.swift.decl.var.instance",
      "warning": "undocumented"
    },
    {
      "file": "/Users/onevcat/Dropbox/github/Kingfisher/Sources/General/KingfisherOptionsInfo.swift",
      "line": 241,
      "symbol": "KingfisherParsedOptionsInfo.cacheMemoryOnly",
      "symbol_kind": "source.lang.swift.decl.var.instance",
      "warning": "undocumented"
    },
    {
      "file": "/Users/onevcat/Dropbox/github/Kingfisher/Sources/General/KingfisherOptionsInfo.swift",
      "line": 242,
      "symbol": "KingfisherParsedOptionsInfo.waitForCache",
      "symbol_kind": "source.lang.swift.decl.var.instance",
      "warning": "undocumented"
    },
    {
      "file": "/Users/onevcat/Dropbox/github/Kingfisher/Sources/General/KingfisherOptionsInfo.swift",
      "line": 243,
      "symbol": "KingfisherParsedOptionsInfo.onlyFromCache",
      "symbol_kind": "source.lang.swift.decl.var.instance",
      "warning": "undocumented"
    },
    {
      "file": "/Users/onevcat/Dropbox/github/Kingfisher/Sources/General/KingfisherOptionsInfo.swift",
      "line": 244,
      "symbol": "KingfisherParsedOptionsInfo.backgroundDecode",
      "symbol_kind": "source.lang.swift.decl.var.instance",
      "warning": "undocumented"
    },
    {
      "file": "/Users/onevcat/Dropbox/github/Kingfisher/Sources/General/KingfisherOptionsInfo.swift",
      "line": 245,
      "symbol": "KingfisherParsedOptionsInfo.preloadAllAnimationData",
      "symbol_kind": "source.lang.swift.decl.var.instance",
      "warning": "undocumented"
    },
    {
      "file": "/Users/onevcat/Dropbox/github/Kingfisher/Sources/General/KingfisherOptionsInfo.swift",
      "line": 246,
      "symbol": "KingfisherParsedOptionsInfo.callbackQueue",
      "symbol_kind": "source.lang.swift.decl.var.instance",
      "warning": "undocumented"
    },
    {
      "file": "/Users/onevcat/Dropbox/github/Kingfisher/Sources/General/KingfisherOptionsInfo.swift",
      "line": 247,
      "symbol": "KingfisherParsedOptionsInfo.scaleFactor",
      "symbol_kind": "source.lang.swift.decl.var.instance",
      "warning": "undocumented"
    },
    {
      "file": "/Users/onevcat/Dropbox/github/Kingfisher/Sources/General/KingfisherOptionsInfo.swift",
      "line": 248,
      "symbol": "KingfisherParsedOptionsInfo.requestModifier",
      "symbol_kind": "source.lang.swift.decl.var.instance",
      "warning": "undocumented"
    },
    {
      "file": "/Users/onevcat/Dropbox/github/Kingfisher/Sources/General/KingfisherOptionsInfo.swift",
      "line": 249,
      "symbol": "KingfisherParsedOptionsInfo.redirectHandler",
      "symbol_kind": "source.lang.swift.decl.var.instance",
      "warning": "undocumented"
    },
    {
      "file": "/Users/onevcat/Dropbox/github/Kingfisher/Sources/General/KingfisherOptionsInfo.swift",
      "line": 250,
      "symbol": "KingfisherParsedOptionsInfo.processor",
      "symbol_kind": "source.lang.swift.decl.var.instance",
      "warning": "undocumented"
    },
    {
      "file": "/Users/onevcat/Dropbox/github/Kingfisher/Sources/General/KingfisherOptionsInfo.swift",
      "line": 251,
      "symbol": "KingfisherParsedOptionsInfo.imageModifier",
      "symbol_kind": "source.lang.swift.decl.var.instance",
      "warning": "undocumented"
    },
    {
      "file": "/Users/onevcat/Dropbox/github/Kingfisher/Sources/General/KingfisherOptionsInfo.swift",
      "line": 252,
      "symbol": "KingfisherParsedOptionsInfo.cacheSerializer",
      "symbol_kind": "source.lang.swift.decl.var.instance",
      "warning": "undocumented"
    },
    {
      "file": "/Users/onevcat/Dropbox/github/Kingfisher/Sources/General/KingfisherOptionsInfo.swift",
      "line": 253,
      "symbol": "KingfisherParsedOptionsInfo.keepCurrentImageWhileLoading",
      "symbol_kind": "source.lang.swift.decl.var.instance",
      "warning": "undocumented"
    },
    {
      "file": "/Users/onevcat/Dropbox/github/Kingfisher/Sources/General/KingfisherOptionsInfo.swift",
      "line": 254,
      "symbol": "KingfisherParsedOptionsInfo.onlyLoadFirstFrame",
      "symbol_kind": "source.lang.swift.decl.var.instance",
      "warning": "undocumented"
    },
    {
      "file": "/Users/onevcat/Dropbox/github/Kingfisher/Sources/General/KingfisherOptionsInfo.swift",
      "line": 255,
      "symbol": "KingfisherParsedOptionsInfo.cacheOriginalImage",
      "symbol_kind": "source.lang.swift.decl.var.instance",
      "warning": "undocumented"
    },
    {
      "file": "/Users/onevcat/Dropbox/github/Kingfisher/Sources/General/KingfisherOptionsInfo.swift",
      "line": 256,
      "symbol": "KingfisherParsedOptionsInfo.onFailureImage",
      "symbol_kind": "source.lang.swift.decl.var.instance",
      "warning": "undocumented"
    },
    {
      "file": "/Users/onevcat/Dropbox/github/Kingfisher/Sources/General/KingfisherOptionsInfo.swift",
      "line": 257,
      "symbol": "KingfisherParsedOptionsInfo.alsoPrefetchToMemory",
      "symbol_kind": "source.lang.swift.decl.var.instance",
      "warning": "undocumented"
    },
    {
      "file": "/Users/onevcat/Dropbox/github/Kingfisher/Sources/General/KingfisherOptionsInfo.swift",
      "line": 258,
      "symbol": "KingfisherParsedOptionsInfo.loadDiskFileSynchronously",
      "symbol_kind": "source.lang.swift.decl.var.instance",
      "warning": "undocumented"
    },
    {
      "file": "/Users/onevcat/Dropbox/github/Kingfisher/Sources/General/KingfisherOptionsInfo.swift",
      "line": 259,
      "symbol": "KingfisherParsedOptionsInfo.memoryCacheExpiration",
      "symbol_kind": "source.lang.swift.decl.var.instance",
      "warning": "undocumented"
    },
    {
      "file": "/Users/onevcat/Dropbox/github/Kingfisher/Sources/General/KingfisherOptionsInfo.swift",
      "line": 260,
      "symbol": "KingfisherParsedOptionsInfo.memoryCacheAccessExtendingExpiration",
      "symbol_kind": "source.lang.swift.decl.var.instance",
      "warning": "undocumented"
    },
    {
      "file": "/Users/onevcat/Dropbox/github/Kingfisher/Sources/General/KingfisherOptionsInfo.swift",
      "line": 261,
      "symbol": "KingfisherParsedOptionsInfo.diskCacheExpiration",
      "symbol_kind": "source.lang.swift.decl.var.instance",
      "warning": "undocumented"
    },
    {
      "file": "/Users/onevcat/Dropbox/github/Kingfisher/Sources/General/KingfisherOptionsInfo.swift",
      "line": 262,
      "symbol": "KingfisherParsedOptionsInfo.processingQueue",
      "symbol_kind": "source.lang.swift.decl.var.instance",
      "warning": "undocumented"
    },
    {
      "file": "/Users/onevcat/Dropbox/github/Kingfisher/Sources/General/KingfisherOptionsInfo.swift",
      "line": 263,
      "symbol": "KingfisherParsedOptionsInfo.progressiveJPEG",
      "symbol_kind": "source.lang.swift.decl.var.instance",
      "warning": "undocumented"
    },
    {
      "file": "/Users/onevcat/Dropbox/github/Kingfisher/Sources/General/KingfisherOptionsInfo.swift",
      "line": 267,
      "symbol": "KingfisherParsedOptionsInfo.init(_:)",
      "symbol_kind": "source.lang.swift.decl.function.method.instance",
      "warning": "undocumented"
    },
    {
      "file": "/Users/onevcat/Dropbox/github/Kingfisher/Sources/Image/Filter.swift",
      "line": 38,
      "symbol": "CIImageProcessor.filter",
      "symbol_kind": "source.lang.swift.decl.var.instance",
      "warning": "undocumented"
    },
    {
      "file": "/Users/onevcat/Dropbox/github/Kingfisher/Sources/Image/Filter.swift",
      "line": 67,
      "symbol": "Filter.init(transform:)",
      "symbol_kind": "source.lang.swift.decl.function.method.instance",
      "warning": "undocumented"
    },
    {
      "file": "/Users/onevcat/Dropbox/github/Kingfisher/Sources/Image/ImageDrawing.swift",
      "line": 49,
      "symbol": "KingfisherWrapper.image(withBlendMode:alpha:backgroundColor:)",
      "symbol_kind": "source.lang.swift.decl.function.method.instance",
      "warning": "undocumented"
    },
    {
      "file": "/Users/onevcat/Dropbox/github/Kingfisher/Sources/Image/ImageFormat.swift",
      "line": 54,
      "symbol": "ImageFormat.JPEGMarker.SOF0",
      "symbol_kind": "source.lang.swift.decl.enumelement",
      "warning": "undocumented"
    },
    {
      "file": "/Users/onevcat/Dropbox/github/Kingfisher/Sources/Image/ImageFormat.swift",
      "line": 55,
      "symbol": "ImageFormat.JPEGMarker.SOF2",
      "symbol_kind": "source.lang.swift.decl.enumelement",
      "warning": "undocumented"
    },
    {
      "file": "/Users/onevcat/Dropbox/github/Kingfisher/Sources/Image/ImageFormat.swift",
      "line": 56,
      "symbol": "ImageFormat.JPEGMarker.DHT",
      "symbol_kind": "source.lang.swift.decl.enumelement",
      "warning": "undocumented"
    },
    {
      "file": "/Users/onevcat/Dropbox/github/Kingfisher/Sources/Image/ImageFormat.swift",
      "line": 57,
      "symbol": "ImageFormat.JPEGMarker.DQT",
      "symbol_kind": "source.lang.swift.decl.enumelement",
      "warning": "undocumented"
    },
    {
      "file": "/Users/onevcat/Dropbox/github/Kingfisher/Sources/Image/ImageFormat.swift",
      "line": 58,
      "symbol": "ImageFormat.JPEGMarker.DRI",
      "symbol_kind": "source.lang.swift.decl.enumelement",
      "warning": "undocumented"
    },
    {
      "file": "/Users/onevcat/Dropbox/github/Kingfisher/Sources/Image/ImageFormat.swift",
      "line": 59,
      "symbol": "ImageFormat.JPEGMarker.SOS",
      "symbol_kind": "source.lang.swift.decl.enumelement",
      "warning": "undocumented"
    },
    {
      "file": "/Users/onevcat/Dropbox/github/Kingfisher/Sources/Image/ImageFormat.swift",
      "line": 60,
      "symbol": "ImageFormat.JPEGMarker.RSTn(_:)",
      "symbol_kind": "source.lang.swift.decl.enumelement",
      "warning": "undocumented"
    },
    {
      "file": "/Users/onevcat/Dropbox/github/Kingfisher/Sources/Image/ImageFormat.swift",
      "line": 61,
      "symbol": "ImageFormat.JPEGMarker.APPn",
      "symbol_kind": "source.lang.swift.decl.enumelement",
      "warning": "undocumented"
    },
    {
      "file": "/Users/onevcat/Dropbox/github/Kingfisher/Sources/Image/ImageFormat.swift",
      "line": 62,
      "symbol": "ImageFormat.JPEGMarker.COM",
      "symbol_kind": "source.lang.swift.decl.enumelement",
      "warning": "undocumented"
    },
    {
      "file": "/Users/onevcat/Dropbox/github/Kingfisher/Sources/Image/ImageFormat.swift",
      "line": 63,
      "symbol": "ImageFormat.JPEGMarker.EOI",
      "symbol_kind": "source.lang.swift.decl.enumelement",
      "warning": "undocumented"
    },
    {
      "file": "/Users/onevcat/Dropbox/github/Kingfisher/Sources/Image/ImageFormat.swift",
      "line": 113,
      "symbol": "KingfisherWrapper.contains(jpeg:)",
      "symbol_kind": "source.lang.swift.decl.function.method.instance",
      "warning": "undocumented"
    },
    {
      "file": "/Users/onevcat/Dropbox/github/Kingfisher/Sources/Image/ImageProcessor.swift",
      "line": 102,
      "symbol": "ImageProcessor.process(item:options:)",
      "symbol_kind": "source.lang.swift.decl.function.method.instance",
      "warning": "undocumented"
    },
    {
      "file": "/Users/onevcat/Dropbox/github/Kingfisher/Sources/Image/ImageProgressive.swift",
      "line": 33,
      "symbol": "ImageProgressive",
      "symbol_kind": "source.lang.swift.decl.struct",
      "warning": "undocumented"
    },
    {
      "file": "/Users/onevcat/Dropbox/github/Kingfisher/Sources/Image/ImageProgressive.swift",
      "line": 49,
      "symbol": "ImageProgressive.init(isBlur:isFastestScan:scanInterval:)",
      "symbol_kind": "source.lang.swift.decl.function.method.instance",
      "warning": "undocumented"
    },
    {
      "file": "/Users/onevcat/Dropbox/github/Kingfisher/Sources/Utility/CallbackQueue.swift",
      "line": 47,
      "symbol": "CallbackQueue.execute(_:)",
      "symbol_kind": "source.lang.swift.decl.function.method.instance",
      "warning": "undocumented"
    },
    {
      "file": "/Users/onevcat/Dropbox/github/Kingfisher/Sources/Views/AnimatedImageView.swift",
      "line": 89,
      "symbol": "AnimatedImageView.RepeatCount.once",
      "symbol_kind": "source.lang.swift.decl.enumelement",
      "warning": "undocumented"
    },
    {
      "file": "/Users/onevcat/Dropbox/github/Kingfisher/Sources/Views/AnimatedImageView.swift",
      "line": 90,
      "symbol": "AnimatedImageView.RepeatCount.finite(count:)",
      "symbol_kind": "source.lang.swift.decl.enumelement",
      "warning": "undocumented"
    },
    {
      "file": "/Users/onevcat/Dropbox/github/Kingfisher/Sources/Views/AnimatedImageView.swift",
      "line": 91,
      "symbol": "AnimatedImageView.RepeatCount.infinite",
      "symbol_kind": "source.lang.swift.decl.enumelement",
      "warning": "undocumented"
    },
    {
      "file": "/Users/onevcat/Dropbox/github/Kingfisher/Sources/Views/AnimatedImageView.swift",
      "line": 179,
      "symbol": "AnimatedImageView.image",
      "symbol_kind": "source.lang.swift.decl.var.instance",
      "warning": "undocumented"
    },
    {
      "file": "/Users/onevcat/Dropbox/github/Kingfisher/Sources/Views/AnimatedImageView.swift",
      "line": 195,
      "symbol": "AnimatedImageView.isAnimating",
      "symbol_kind": "source.lang.swift.decl.var.instance",
      "warning": "undocumented"
    },
    {
      "file": "/Users/onevcat/Dropbox/github/Kingfisher/Sources/Views/AnimatedImageView.swift",
      "line": 221,
      "symbol": "AnimatedImageView.display(_:)",
      "symbol_kind": "source.lang.swift.decl.function.method.instance",
      "warning": "undocumented"
    },
    {
      "file": "/Users/onevcat/Dropbox/github/Kingfisher/Sources/Views/AnimatedImageView.swift",
      "line": 229,
      "symbol": "AnimatedImageView.didMoveToWindow()",
      "symbol_kind": "source.lang.swift.decl.function.method.instance",
      "warning": "undocumented"
    },
    {
      "file": "/Users/onevcat/Dropbox/github/Kingfisher/Sources/Views/AnimatedImageView.swift",
      "line": 234,
      "symbol": "AnimatedImageView.didMoveToSuperview()",
      "symbol_kind": "source.lang.swift.decl.function.method.instance",
      "warning": "undocumented"
    },
    {
      "file": "/Users/onevcat/Dropbox/github/Kingfisher/Sources/Views/Indicator.swift",
      "line": 32,
      "symbol": "IndicatorView",
      "symbol_kind": "source.lang.swift.decl.typealias",
      "warning": "undocumented"
    }
  ],
  "source_directory": "/Users/onevcat/Dropbox/github/Kingfisher"
}